context,offset,rebalance_dates,gross,net_10bps,net_20bps,net_40bps
primary_strong_selection,0,114,-0.015765585032815943,-0.015912190633407083,-0.01605879623399823,-0.016352007435180515
primary_strong_selection,1,114,-0.002396836758234945,-0.00259003166897829,-0.0027832265797216346,-0.003169616401208317
primary_strong_selection,2,114,-0.009371968290340456,-0.009529250444751943,-0.009686532599163428,-0.010001096907986397
primary_strong_selection,3,114,0.005732885043165859,0.005555236720283125,0.005377588397400394,0.005022291751634925
primary_strong_selection,4,114,-0.01127510381236003,-0.011450766607038051,-0.011626429401716076,-0.011977754991072117
primary_strong_selection,5,114,-0.01958691234872182,-0.019757959055686836,-0.019929005762651858,-0.020271099176581885
primary_strong_selection,6,114,-0.010912184381056525,-0.011080072440157926,-0.011247960499259321,-0.011583736617462113
primary_strong_selection,7,114,-0.010664709383869726,-0.010849862826229925,-0.011035016268590127,-0.011405323153310531
primary_strong_selection,8,114,-5.2161804765583496e-05,-0.00019718721660489652,-0.00034221262844420856,-0.0006322634521228298
primary_strong_selection,9,113,-0.008624148670553852,-0.008771783845195596,-0.008919419019837345,-0.009214689369120834
technical_positive_high_volume_selection,0,129,-0.008834424112162799,-0.009281279202181176,-0.009728134292199556,-0.01062184447223631
technical_positive_high_volume_selection,1,129,-0.011127301704111595,-0.011578742414054738,-0.012030183123997883,-0.01293306454388417
technical_positive_high_volume_selection,2,129,-0.009137121372391829,-0.00957245282892924,-0.010007784285466646,-0.01087844719854146
technical_positive_high_volume_selection,3,129,-0.007518231974273014,-0.007972710189667078,-0.008427188405061146,-0.009336144835849276
technical_positive_high_volume_selection,4,129,-0.006421836796232444,-0.006873675161092505,-0.007325513525952568,-0.008229190255672692
technical_positive_high_volume_selection,5,129,-0.00485381095517581,-0.005300850761604772,-0.0057478905680337315,-0.006641970180891652
technical_positive_high_volume_selection,6,129,-0.008620996509620523,-0.009074390314284576,-0.00952778411894863,-0.010434571728276738
technical_positive_high_volume_selection,7,128,-0.006962253969023576,-0.007415669074472089,-0.007869084179920605,-0.008775914390817633
technical_positive_high_volume_selection,8,128,-0.008941005602434327,-0.009391259797657443,-0.009841513992880555,-0.010742022383326787
technical_positive_high_volume_selection,9,128,-0.008373779374008154,-0.008818551230983686,-0.009263323087959217,-0.010152866801910283
