mean_cross_sectional_spearman,cmf20,nsv20,pvfs,mfi14,log_rv20,technical_score,rsi14,momentum_component,roc_component,roc20_price
cmf20,1.0000,0.5692,0.9560,0.4454,0.0482,0.6136,0.6220,0.4734,0.4615,0.6623
nsv20,0.5692,1.0000,0.7508,0.6033,0.0675,0.5965,0.6359,0.5036,0.4921,0.6889
pvfs,0.9560,0.7508,1.0000,0.5356,0.0560,0.6638,0.6832,0.5256,0.5116,0.7314
mfi14,0.4454,0.6033,0.5356,1.0000,0.1342,0.6434,0.6789,0.6384,0.6238,0.6242
log_rv20,0.0482,0.0675,0.0560,0.1342,1.0000,0.1208,0.1637,0.2112,0.2152,0.0830
technical_score,0.6136,0.5965,0.6638,0.6434,0.1208,1.0000,0.9397,0.8123,0.8097,0.8299
rsi14,0.6220,0.6359,0.6832,0.6789,0.1637,0.9397,1.0000,0.8215,0.7998,0.8460
momentum_component,0.4734,0.5036,0.5256,0.6384,0.2112,0.8123,0.8215,1.0000,0.9715,0.6584
roc_component,0.4615,0.4921,0.5116,0.6238,0.2152,0.8097,0.7998,0.9715,1.0000,0.6692
roc20_price,0.6623,0.6889,0.7314,0.6242,0.0830,0.8299,0.8460,0.6584,0.6692,1.0000

pooled_spearman,cmf20,nsv20,pvfs,mfi14,log_rv20,technical_score,rsi14,momentum_component,roc_component,roc20_price
cmf20,1.0000,0.6277,0.9666,0.5085,0.0910,0.6299,0.6435,0.5052,0.4900,0.6772
nsv20,0.6277,1.0000,0.7956,0.6825,0.1225,0.6725,0.7095,0.5652,0.5496,0.7719
pvfs,0.9666,0.7956,1.0000,0.6049,0.1080,0.6944,0.7171,0.5648,0.5478,0.7630
mfi14,0.5085,0.6825,0.6049,1.0000,0.1985,0.7168,0.7464,0.7069,0.6916,0.7000
log_rv20,0.0910,0.1225,0.1080,0.1985,1.0000,0.1737,0.2197,0.2650,0.2645,0.1482
technical_score,0.6299,0.6725,0.6944,0.7168,0.1737,1.0000,0.9555,0.8358,0.8323,0.8603
rsi14,0.6435,0.7095,0.7171,0.7464,0.2197,0.9555,1.0000,0.8474,0.8294,0.8785
momentum_component,0.5052,0.5652,0.5648,0.7069,0.2650,0.8358,0.8474,1.0000,0.9843,0.6899
roc_component,0.4900,0.5496,0.5478,0.6916,0.2645,0.8323,0.8294,0.9843,1.0000,0.6896
roc20_price,0.6772,0.7719,0.7630,0.7000,0.1482,0.8603,0.8785,0.6899,0.6896,1.0000

