variant,horizon,feature,statistic,controls,n_dates,mean,median,std,positive_rate,ci_low,ci_high,p_boot,nw_t
information_close_to_close,1,pvfs,ic,,1359,0.026007351459403655,0.02434449457180757,0.15921396599185358,0.5658572479764533,0.015657526654525116,0.036226089356021784,0.0001,5.818015215050838
information_close_to_close,1,pvfs,partial_ic,technical_score,1359,0.014579218752483174,0.008353603057025967,0.13394393653767236,0.5320088300220751,0.005938332098809174,0.0230294784048848,0.0006,3.927078752592483
information_close_to_close,1,cmf20,ic,,1359,0.030120426355480234,0.02893287572831032,0.15903895988457495,0.5783664459161147,0.01976574634637876,0.04020163113651798,0.0001,6.726882929395189
information_close_to_close,1,cmf20,partial_ic,technical_score,1359,0.020899868672421235,0.016633735063763203,0.1358136103836672,0.5474613686534217,0.01234895592075733,0.02911470872153953,0.0001,5.541338052226268
information_close_to_close,1,nsv20,ic,,1359,0.014604216928329791,0.013878553624968391,0.14881302941726712,0.543046357615894,0.005529014495679889,0.023714167953471466,0.0016,3.541520855654259
information_close_to_close,1,nsv20,partial_ic,technical_score,1359,3.276112278638264e-05,-0.0018462743491562653,0.12902490874407743,0.49080206033848417,-0.00780136739695846,0.008150555542674225,0.9802,0.009118152367202745
information_close_to_close,1,mfi14,ic,,1359,0.009089815693956815,0.012591257239569284,0.15169877406989274,0.5224429727740986,0.0009372086062726159,0.01714284452671754,0.029,2.1701002877086224
information_close_to_close,1,mfi14,partial_ic,technical_score+rsi14,1359,-0.00964186378007205,-0.009620843658248992,0.1238835172325779,0.46799116997792495,-0.016973933259020347,-0.002094763983522755,0.0128,-2.78660516531084
information_close_to_close,1,log_rv20,ic,,1358,-0.02122286369377741,-0.02117108781898306,0.14705503618857993,0.44477172312223856,-0.029275536539193542,-0.012874168767824259,0.0001,-5.185551666448844
information_close_to_close,1,log_rv20,partial_ic,technical_score,1358,-0.024149789683599446,-0.022196593741132944,0.14318007376253497,0.43888070692194403,-0.0320871888172194,-0.015903822884333268,0.0001,-6.067837867215343
information_close_to_close,5,pvfs,ic,,1357,0.03750647348812212,0.04057935735150925,0.1588437525691477,0.6123802505526897,0.0174276501545671,0.05697955278269766,0.0004,4.552700663250608
information_close_to_close,5,pvfs,partial_ic,technical_score,1357,0.02238618452592035,0.025230316576957904,0.1340421975046162,0.5725865880619012,0.007529909508017558,0.03714160289046309,0.0018,3.402391467669942
information_close_to_close,5,cmf20,ic,,1357,0.04281624101643644,0.04757497223250648,0.1599666703008339,0.6175386882829772,0.022419578521101668,0.06258278028666169,0.0001,5.101076246229114
information_close_to_close,5,cmf20,partial_ic,technical_score,1357,0.03049993242774776,0.030973113463180747,0.13871844215649173,0.576271186440678,0.014711505030733546,0.046107777705035775,0.0001,4.395186521476343
information_close_to_close,5,nsv20,ic,,1357,0.02157299232400823,0.02715399412777159,0.14379672984226585,0.5659543109801032,0.005075334684923924,0.03771086243615903,0.0116,3.034054607376079
information_close_to_close,5,nsv20,partial_ic,technical_score,1357,0.0018105258810705274,0.006262520189593784,0.13110490003590453,0.5128960943257185,-0.011737527245086213,0.01599781150261673,0.8112,0.28608255767508906
information_close_to_close,5,mfi14,ic,,1357,0.008876872640496206,0.014885465719530689,0.14649281437289585,0.5335298452468681,-0.005598284899112434,0.022758779913256356,0.2272,1.2552083479925258
information_close_to_close,5,mfi14,partial_ic,technical_score+rsi14,1357,-0.01894465894285302,-0.01967503738613715,0.1316727577340875,0.45173176123802505,-0.03270382722350538,-0.005431460083289603,0.0068,-2.980844959224026
information_close_to_close,5,log_rv20,ic,,1356,-0.02376192686545037,-0.02319619284854888,0.13962222091084636,0.4410029498525074,-0.03521684727201535,-0.012364509295447563,0.0001,-4.374536348770004
information_close_to_close,5,log_rv20,partial_ic,technical_score,1356,-0.02774979723786281,-0.025928855115577496,0.13819067844030627,0.4314159292035398,-0.03921645635261348,-0.016224925065044474,0.0001,-5.126572344164823
information_close_to_close,10,pvfs,ic,,1352,0.049272210313747664,0.05025909361480104,0.1653786479054626,0.6412721893491125,0.023555213109052606,0.07442517026278736,0.0004,4.187524227342451
information_close_to_close,10,pvfs,partial_ic,technical_score,1352,0.03586875973946156,0.03742197468662779,0.1326928759310384,0.5954142011834319,0.0174709727576443,0.05400536111977763,0.0001,4.154229727952183
information_close_to_close,10,cmf20,ic,,1352,0.0564527496110161,0.06242620474763332,0.1690199216617965,0.647189349112426,0.029502236527581088,0.08315147075715579,0.0001,4.616745020850443
information_close_to_close,10,cmf20,partial_ic,technical_score,1352,0.0452449489016464,0.03924706302105051,0.140036018859473,0.6109467455621301,0.02460322975583141,0.06571268534781886,0.0001,4.7795950885829015
information_close_to_close,10,nsv20,ic,,1352,0.025782739039605602,0.030255761292630183,0.14442049733960619,0.5776627218934911,0.004629209681983018,0.046418198107527474,0.0176,2.6410703396692545
information_close_to_close,10,nsv20,partial_ic,technical_score,1352,0.005341193417399772,0.01221297329281068,0.12709742401037433,0.5399408284023669,-0.01156824535165475,0.02275639773906762,0.542,0.6547839872587183
information_close_to_close,10,mfi14,ic,,1352,0.012103476053999786,0.016305254173939774,0.1475625073536446,0.5443786982248521,-0.007080033862777918,0.030464830711174593,0.2078,1.3356919627391755
information_close_to_close,10,mfi14,partial_ic,technical_score+rsi14,1352,-0.018315733673665114,-0.014432039493817543,0.13753209012763837,0.4504437869822485,-0.03428102870806183,-0.0022317173925838,0.0282,-2.283289987552808
information_close_to_close,10,log_rv20,ic,,1351,-0.029532581201481427,-0.026790077748981858,0.13660398775782226,0.42116950407105846,-0.042035721628631416,-0.017385673649548343,0.0001,-4.850795407701239
information_close_to_close,10,log_rv20,partial_ic,technical_score,1351,-0.03433803758407548,-0.03480230813098335,0.1355627616175049,0.39378238341968913,-0.047006537795685345,-0.021885975863865613,0.0001,-5.590155474111075
information_close_to_close,20,pvfs,ic,,1342,0.053207529060306145,0.058628392591963306,0.16611773883050054,0.6311475409836066,0.023074871389077937,0.08267144812888579,0.0008,3.4669685908506587
information_close_to_close,20,pvfs,partial_ic,technical_score,1342,0.03559996869551877,0.03538054548583207,0.1253222810900265,0.6013412816691506,0.01576050683442557,0.05463620420574057,0.0001,3.529579359696972
information_close_to_close,20,cmf20,ic,,1342,0.06313879727499543,0.06445770593319494,0.1699158909372167,0.6385991058122206,0.03143981642051056,0.09361613505322554,0.0001,3.92741509841464
information_close_to_close,20,cmf20,partial_ic,technical_score,1342,0.04900585219526652,0.05058457966137301,0.13550024151164453,0.620715350223547,0.02568057162581599,0.07147015126975514,0.0001,4.1245898441319
information_close_to_close,20,nsv20,ic,,1342,0.025878239287681667,0.038071087322310196,0.15269458736616656,0.5842026825633383,-0.0009740970202180459,0.052795438097935694,0.0598,1.8683660430522782
information_close_to_close,20,nsv20,partial_ic,technical_score,1342,0.0008177906682205485,0.0036206459731851146,0.12881469912991952,0.5089418777943369,-0.01960179874329158,0.021691679007367116,0.9444,0.07727620611770362
information_close_to_close,20,mfi14,ic,,1342,0.012585398749628813,0.020648865358085383,0.14788127849650012,0.559612518628912,-0.011177520319841573,0.036063015153553896,0.2976,1.029558478055998
information_close_to_close,20,mfi14,partial_ic,technical_score+rsi14,1342,-0.022943912854941774,-0.018076708639186083,0.13285509980652807,0.4403874813710879,-0.04142593835791698,-0.004678774176698928,0.0118,-2.4437579439685932
information_close_to_close,20,log_rv20,ic,,1341,-0.014647419659905256,-0.015409725277177412,0.1374835315331232,0.453392990305742,-0.028585321607400384,-0.0010725375385057633,0.0346,-2.1100848560011514
information_close_to_close,20,log_rv20,partial_ic,technical_score,1341,-0.01987698171653469,-0.021730560091437312,0.13566234107081984,0.4354958985831469,-0.033611157476939414,-0.006382886280685711,0.004,-2.8730331214758995
execution_open_e1_to_close_eh,1,pvfs,ic,,1363,0.03920861592081576,0.03896825153809379,0.16084185034213094,0.5979457079970653,0.0286738386662464,0.049698177457311025,0.0001,8.741852200072774
execution_open_e1_to_close_eh,1,pvfs,partial_ic,technical_score,1363,0.03460335333513445,0.03112059656412745,0.13284460240468532,0.586940572267058,0.026476540327988976,0.04263938817642683,0.0001,9.40656729570249
execution_open_e1_to_close_eh,1,cmf20,ic,,1363,0.04701050085939017,0.047551550237235535,0.16001078700671117,0.6133528980190756,0.036386650674569705,0.057551080205995725,0.0001,10.49605225871233
execution_open_e1_to_close_eh,1,cmf20,partial_ic,technical_score,1363,0.04429658596150802,0.038931703278462536,0.13422565573989578,0.6133528980190756,0.03629158440251253,0.05217583778875683,0.0001,11.876790727091542
execution_open_e1_to_close_eh,1,nsv20,ic,,1363,0.013926536448742123,0.010936431989063569,0.149879772453073,0.5355832721936904,0.00459960937179129,0.023091092986778437,0.0036,3.3628414101384037
execution_open_e1_to_close_eh,1,nsv20,partial_ic,technical_score,1363,0.0013027267978176905,0.0015352531754798458,0.12825105648765922,0.504035216434336,-0.006906045864203323,0.009690612086232784,0.772,0.3647415308151199
execution_open_e1_to_close_eh,1,mfi14,ic,,1363,0.004376778044482107,0.007509243467106758,0.15120057706120346,0.5187087307410124,-0.004093603890837425,0.012827033232995593,0.299,1.0594563849481649
execution_open_e1_to_close_eh,1,mfi14,partial_ic,technical_score+rsi14,1363,-0.010604257335910514,-0.010287731911591526,0.12308817567587725,0.46881878209831257,-0.018855076582905386,-0.0024353875978385575,0.0144,-3.0898618443129435
execution_open_e1_to_close_eh,1,log_rv20,ic,,1362,-0.03554035330522627,-0.034886371729238176,0.14161966281246405,0.40381791483113066,-0.042805438834331556,-0.027894604536498304,0.0001,-9.139854778061357
execution_open_e1_to_close_eh,1,log_rv20,partial_ic,technical_score,1362,-0.03737904937466092,-0.036129927657134756,0.13808233508210102,0.3935389133627019,-0.044471819321911014,-0.03011059908464885,0.0001,-9.896867886617496
execution_open_e1_to_close_eh,5,pvfs,ic,,1357,0.042550980165928946,0.0474607234198027,0.15975824078190626,0.6293294030950627,0.02235190961986819,0.06174317516595205,0.0001,5.182974799932259
execution_open_e1_to_close_eh,5,pvfs,partial_ic,technical_score,1357,0.030002023936261446,0.031867929319511136,0.13481469908863114,0.5858511422254974,0.015272231998666516,0.04461586549437482,0.0001,4.577708929088236
execution_open_e1_to_close_eh,5,cmf20,ic,,1357,0.049487494935405406,0.0529187182209225,0.16058889000956741,0.6425939572586588,0.02934693302774468,0.06922073071919829,0.0001,5.923158831726299
execution_open_e1_to_close_eh,5,cmf20,partial_ic,technical_score,1357,0.039672193510658586,0.040666460168131705,0.13956449021353048,0.606484893146647,0.024141770745873942,0.055226170041194476,0.0001,5.75487652484523
execution_open_e1_to_close_eh,5,nsv20,ic,,1357,0.020984981876176447,0.025694569456945694,0.14489403637747966,0.5711127487103905,0.004401094766132859,0.03720210055358723,0.014,2.966765267179484
execution_open_e1_to_close_eh,5,nsv20,partial_ic,technical_score,1357,0.0018548459619647446,0.00581741914750141,0.13217845075512336,0.5158437730287398,-0.011928714003785762,0.016230289811092896,0.8066,0.29250346506548636
execution_open_e1_to_close_eh,5,mfi14,ic,,1357,0.007108261113995488,0.012001200120012,0.1462667574559473,0.5276344878408253,-0.0073818194442895665,0.02092276447780273,0.3224,1.0161396712079946
execution_open_e1_to_close_eh,5,mfi14,partial_ic,technical_score+rsi14,1357,-0.018994807459211328,-0.01938883528622261,0.1322657586398246,0.44509948415622697,-0.03296162408291885,-0.005367971385291711,0.0086,-2.981770993895159
execution_open_e1_to_close_eh,5,log_rv20,ic,,1356,-0.030059848303455518,-0.03023232535750945,0.13952685353611874,0.42035398230088494,-0.04143694448965256,-0.018775312509678253,0.0001,-5.579717921899223
execution_open_e1_to_close_eh,5,log_rv20,partial_ic,technical_score,1356,-0.03362735081472522,-0.03264410773330932,0.13827557182121927,0.41224188790560473,-0.04487549328552418,-0.02229250081947112,0.0001,-6.27723616257343
execution_open_e1_to_close_eh,10,pvfs,ic,,1352,0.052632802561380414,0.055287655235133015,0.16572120255031364,0.6531065088757396,0.026527822096403933,0.0780368884753688,0.0004,4.458954715083472
execution_open_e1_to_close_eh,10,pvfs,partial_ic,technical_score,1352,0.04067859756878769,0.04294010575410351,0.13172530815415595,0.6183431952662722,0.02245180503477385,0.05879527599816398,0.0001,4.741176019337488
execution_open_e1_to_close_eh,10,cmf20,ic,,1352,0.060922456470183704,0.06448832576747301,0.16930098570303923,0.6531065088757396,0.03367013770087113,0.08767263040517705,0.0001,4.968707928567753
execution_open_e1_to_close_eh,10,cmf20,partial_ic,technical_score,1352,0.0511238961547166,0.045204792046645584,0.13906197461015085,0.6316568047337278,0.030808612403928747,0.07153511464382221,0.0001,5.4474106597426974
execution_open_e1_to_close_eh,10,nsv20,ic,,1352,0.025323762456938848,0.02913572163556606,0.14486541960341634,0.5739644970414202,0.00403821548240918,0.04592274785935567,0.0202,2.594701582220111
execution_open_e1_to_close_eh,10,nsv20,partial_ic,technical_score,1352,0.00513686109033174,0.01356843468250609,0.1275834453729625,0.5414201183431953,-0.011859099373721902,0.022644926097850227,0.5594,0.6270225943457898
execution_open_e1_to_close_eh,10,mfi14,ic,,1352,0.010813903793169495,0.015368625049998627,0.14737536277322705,0.5392011834319527,-0.00833653130114562,0.028983607180874,0.2556,1.1973623772948736
execution_open_e1_to_close_eh,10,mfi14,partial_ic,technical_score+rsi14,1352,-0.018006791602918588,-0.011555847580316417,0.13755327072231865,0.4556213017751479,-0.03388519305329158,-0.0019514717012191346,0.029,-2.250479025981559
execution_open_e1_to_close_eh,10,log_rv20,ic,,1351,-0.03438499231022222,-0.03149041434755721,0.13699700937842543,0.4063656550703183,-0.046952405227455196,-0.02213439042541136,0.0001,-5.6186961756870515
execution_open_e1_to_close_eh,10,log_rv20,partial_ic,technical_score,1351,-0.03886268389751237,-0.0402745350389246,0.13605119285878212,0.38193930421909694,-0.05164888460147428,-0.02629300877141503,0.0001,-6.314517480065568
execution_open_e1_to_close_eh,20,pvfs,ic,,1342,0.05522810605052036,0.058510324182632883,0.16540566588033812,0.643070044709389,0.02512030807751776,0.08468262205838552,0.0008,3.6113722580155074
execution_open_e1_to_close_eh,20,pvfs,partial_ic,technical_score,1342,0.03935121806579704,0.04035065241364579,0.12421116701402735,0.6117734724292101,0.01981732914392358,0.05824948976504046,0.0001,3.9643855327387523
execution_open_e1_to_close_eh,20,cmf20,ic,,1342,0.06590257130862906,0.06653250496003754,0.1691759579059753,0.6557377049180327,0.034562822279441886,0.09626479215971889,0.0001,4.1189909912987135
execution_open_e1_to_close_eh,20,cmf20,partial_ic,technical_score,1342,0.053428844871561534,0.05518284370586412,0.1343798137723373,0.6229508196721312,0.030571161239070502,0.07554408118514828,0.0001,4.559649935120681
execution_open_e1_to_close_eh,20,nsv20,ic,,1342,0.02527470067470334,0.0380949162101062,0.1521102821540115,0.5864381520119225,-0.0015330102597294322,0.052179867911272194,0.066,1.8265072559340267
execution_open_e1_to_close_eh,20,nsv20,partial_ic,technical_score,1342,0.0010224739613387212,0.00521582322301966,0.12860605726025712,0.5141579731743666,-0.01944707921416411,0.021856528145255762,0.9244,0.09647139026851784
execution_open_e1_to_close_eh,20,mfi14,ic,,1342,0.01095215122278625,0.021717751211061516,0.14780593322160332,0.5543964232488823,-0.012728829913747809,0.03436049664871196,0.36,0.8998115426523486
execution_open_e1_to_close_eh,20,mfi14,partial_ic,technical_score+rsi14,1342,-0.022730211587686157,-0.01959008703487276,0.13282664787609202,0.4366616989567809,-0.04115639110310996,-0.004342485632062216,0.0126,-2.427162435768155
execution_open_e1_to_close_eh,20,log_rv20,ic,,1341,-0.018326533178490204,-0.019741966893865627,0.13793984230754874,0.44742729306487694,-0.03228399483328396,-0.004743720799276818,0.0066,-2.6405983068567793
execution_open_e1_to_close_eh,20,log_rv20,partial_ic,technical_score,1341,-0.02321551213314184,-0.024249565295238397,0.13630808260963506,0.43102162565249813,-0.037020122462941,-0.009719065168802278,0.0006,-3.347832670424956
information_close_to_close,1,mfi14,partial_ic,rsi14,1359,-0.010329014908696534,-0.01068742153804428,0.12697964121701205,0.4650478292862399,-0.01802078999964648,-0.002475201639838128,0.0088,-2.910528795611877
information_close_to_close,5,mfi14,partial_ic,rsi14,1357,-0.018224153359732466,-0.01581636171551013,0.13364367034104635,0.45689019896831246,-0.03201238126246418,-0.004694431133690733,0.0098,-2.8350405444573843
information_close_to_close,10,mfi14,partial_ic,rsi14,1352,-0.01677267793363131,-0.016887597575950458,0.1389833477972844,0.45710059171597633,-0.03251689646567095,-0.0005759591868172346,0.043,-2.0798436546228936
information_close_to_close,20,mfi14,partial_ic,rsi14,1342,-0.0216164336624355,-0.019992893705430892,0.13343881905148663,0.43889716840536513,-0.039727602611956125,-0.0034949299594194253,0.0178,-2.3321432883197297
