feature,horizon,n_dates,Q1,Q2,Q3,Q4,Q5,Q5_minus_Q1_mean,ci_low,ci_high,monotonic_spearman,increasing_steps_of_4,raw_Q1,raw_Q5
pvfs,1,1298,-0.00048222583105233076,0.0001494726550669066,0.0002517774932537374,0.0005586108366354797,0.0009701750465212782,0.0014524008775736088,0.0006565780764045656,0.002231655920322308,1.0,4,0.001316824070891473,0.002769224948465082
cmf20,1,1298,-0.0006675056771820243,0.0003001797390824315,0.00020679767889975935,0.0008042494027134416,0.0008021475559366425,0.0014696532331186667,0.0006565912874923654,0.002259128004449957,0.8,2,0.0011315442247617795,0.0026011974578804458
nsv20,1,1298,-0.0005186637255378304,0.00033174678763632807,2.343380001670837e-05,0.0008304286784993267,0.0007769293223032635,0.001295593047841094,0.00059123974550213,0.001995160719590245,0.8,2,0.0012803861764059733,0.002575979224247067
pvfs_resid_tech,1,1298,-3.305252941303852e-06,-9.884798592155663e-05,0.0005106896398197339,0.001191767798772834,-0.00013091027527270906,-0.0001276050223314052,-0.0008109518950194897,0.0005091129311508116,-0.1,2,0.0017957446490024995,0.001668139626671095
pvfs,5,1291,-0.0008866205840345603,0.0009175885273897823,0.0022719380827752604,0.0034691013771055755,0.004051225199422171,0.0049378457834567315,0.0012040101358284031,0.008566129012399766,1.0,4,0.008039061934168684,0.012976907717625412
cmf20,5,1291,-0.001821007805904614,0.00197459062460933,0.0020074492583264736,0.003702503134904815,0.003969048676149608,0.00579005648205422,0.0020505657077068765,0.009389243414067456,1.0,4,0.00710467471229863,0.012894731194352851
nsv20,5,1291,-0.0007157368382250917,0.0020974696197187718,0.00156123479281979,0.003098233447087681,0.0037960065541520886,0.004511743392377181,0.0011961050668692396,0.007824107583606608,0.9,3,0.00820994567997815,0.012721689072355331
pvfs_resid_tech,5,1291,0.0006964723899638663,0.00020649671165013156,0.0023081323486816587,0.005064343043088908,0.0015835249156924455,0.0008870525257285789,-0.00207007315104297,0.003726491059079975,0.6,2,0.00962215490816711,0.010509207433895688
pvfs,10,1281,-0.0005858073487388847,0.0019661083492016397,0.005193911930172873,0.007357761149716046,0.008181639232687747,0.00876744658142663,0.0017030902979944013,0.015628368004342003,1.0,4,0.017625345601935037,0.02639279218336167
cmf20,10,1281,-0.002230444784566367,0.0038131937805352773,0.00533151414506585,0.007032565573067697,0.00818143377002269,0.010411878554589056,0.0034077606050384977,0.017317000508781582,1.0,4,0.015980708166107558,0.026392586720696616
nsv20,10,1281,-0.00044996556569635654,0.00504153099938329,0.004436452815329258,0.004865725792730045,0.008202248427876946,0.008652213993573304,0.0024742972503664818,0.014813076895998058,0.7,3,0.01776118738497757,0.02641340137855087
pvfs_resid_tech,10,1281,0.0019362328702721635,0.0015925697944549266,0.0047086813563321055,0.007894832030914454,0.005954205608589004,0.004017972738316841,-0.0012334105623277181,0.009151925537009045,0.8,2,0.020147385820946093,0.02416535855926293
pvfs,20,1261,0.0020792908956857926,0.005996108637966096,0.010868387805486714,0.013724440247936114,0.01783986270616472,0.015760571810478925,0.002211701921393834,0.028634674131030283,1.0,4,0.04019268133645417,0.0559532531469331
cmf20,20,1261,-0.0012591550557014568,0.00942159819170015,0.011654538311384273,0.012816400559858438,0.017949053140086515,0.01920820819578797,0.005482796055955735,0.032444073595051394,1.0,4,0.03685423538506692,0.05606244358085488
nsv20,20,1261,0.0026811905346970717,0.010295907864347186,0.00895322138243058,0.010913622098488887,0.017629318111677516,0.014948127576980441,0.0024266553542142038,0.02720291423499004,0.9,3,0.04079458097546545,0.055742708552445897
pvfs_resid_tech,20,1261,0.0062353811014969965,0.0051454087857534594,0.009404469952438814,0.016243103573336345,0.01344563233404927,0.007210251232552274,-0.0020078723059846204,0.0166691413347418,0.8,2,0.04434877154226538,0.051559022774817644
