analysis,offset,rebalance_dates,gross,net_10bps,net_20bps,net_40bps
negcmf_filter_improvement,0,136,0.001143784226461736,0.0010766960535655839,0.0010096078806694322,0.0008754315348771288
negcmf_filter_improvement,1,136,0.001351680089238404,0.0012857087167360759,0.0012197373442337485,0.0010877945992290923
negcmf_filter_improvement,2,135,0.0021000986300705672,0.0020356621093857346,0.0019712255887009006,0.001842352547331234
negcmf_filter_improvement,3,135,0.002224615912030505,0.002161249962333031,0.002097884012635559,0.0019711521132406125
negcmf_filter_improvement,4,135,0.002497689081160367,0.0024384288627054746,0.0023791686442505805,0.002260648207340793
negcmf_filter_improvement,5,135,0.002518539189924419,0.002459980924596976,0.0024014226592695325,0.0022843061286146474
negcmf_filter_improvement,6,135,0.002649502512874373,0.002595193453165976,0.0025408843934575796,0.0024322662740407872
negcmf_filter_improvement,7,135,0.002098972282123942,0.0020457646894018544,0.0019925570966797678,0.0018861419112355916
negcmf_filter_improvement,8,135,0.000976751478522436,0.0009201738460762691,0.0008635962136301023,0.0007504409487377686
negcmf_filter_improvement,9,135,0.0016973004455857965,0.0016324078563185358,0.0015675152670512746,0.0014377300885167535
cmf_resid_long_short,0,136,0.01589018503308468,0.014772856500379503,0.013655527967674327,0.011420870902263985
cmf_resid_long_short,1,136,0.006592042896111674,0.005475928477929046,0.004359814059746418,0.0021275852233811625
cmf_resid_long_short,2,135,0.008391114906859067,0.007276741922982774,0.006162368939106482,0.003933622971353894
cmf_resid_long_short,3,135,0.007836797560959246,0.006724129544818166,0.005611461528677089,0.003386125496394931
cmf_resid_long_short,4,135,0.009367644283949244,0.00825302881887785,0.007138413353806454,0.004909182423663663
cmf_resid_long_short,5,135,0.009624441092339705,0.008512779639940876,0.007401118187542043,0.005177795282744378
cmf_resid_long_short,6,135,0.007517188588694886,0.006408267290009168,0.005299345991323447,0.0030815033939520097
cmf_resid_long_short,7,135,0.00994084363732215,0.008828167495521311,0.00771549135372047,0.005490139070118789
cmf_resid_long_short,8,135,0.008501236534940672,0.007388177414877492,0.006275118294814311,0.004049000054687947
cmf_resid_long_short,9,135,0.00874609318359825,0.0076287741358924965,0.006511455088186739,0.00427681699277523
